app,task,time,api_usage
applauncher_final,search 'Clock' app and open it,2024-09-12 17:52:56,"{'gpt-4o': {'prompt_tokens': 36865, 'completion_tokens': 1584, 'total_tokens': 38449}, 'gpt-4-turbo': {'prompt_tokens': 1603, 'completion_tokens': 282, 'total_tokens': 1885}}"
applauncher_final,Sort apps by title in descending order,2024-09-12 17:53:18,"{'gpt-4o': {'prompt_tokens': 42527, 'completion_tokens': 1839, 'total_tokens': 44366}, 'gpt-4-turbo': {'prompt_tokens': 1603, 'completion_tokens': 282, 'total_tokens': 1885}}"
applauncher_final,search 'Clock' app and open it,2024-09-12 17:58:10,"{'gpt-4o': {'prompt_tokens': 96690, 'completion_tokens': 3890, 'total_tokens': 100580}, 'gpt-4-turbo': {'prompt_tokens': 2693, 'completion_tokens': 293, 'total_tokens': 2986}}"
applauncher_final,Sort apps by title in descending order,2024-09-12 17:59:38,"{'gpt-4o': {'prompt_tokens': 130241, 'completion_tokens': 5446, 'total_tokens': 135687}, 'gpt-4-turbo': {'prompt_tokens': 4201, 'completion_tokens': 565, 'total_tokens': 4766}}"
applauncher_final,Change column count to 3,2024-09-12 18:00:39,"{'gpt-4o': {'prompt_tokens': 151521, 'completion_tokens': 6373, 'total_tokens': 157894}, 'gpt-4-turbo': {'prompt_tokens': 5669, 'completion_tokens': 811, 'total_tokens': 6480}}"
applauncher_final,Change theme color to light,2024-09-12 18:02:29,"{'gpt-4o': {'prompt_tokens': 188499, 'completion_tokens': 8174, 'total_tokens': 196673}, 'gpt-4-turbo': {'prompt_tokens': 7197, 'completion_tokens': 1085, 'total_tokens': 8282}}"
applauncher_final,Disable closing this app when launching a different one,2024-09-12 18:04:28,"{'gpt-4o': {'prompt_tokens': 227488, 'completion_tokens': 10121, 'total_tokens': 237609}, 'gpt-4-turbo': {'prompt_tokens': 8287, 'completion_tokens': 1268, 'total_tokens': 9555}}"
calendar_final,change the snooze time to 30 min,2024-09-10 18:04:25,"{'gpt-4o': {'prompt_tokens': 45139, 'completion_tokens': 1651, 'total_tokens': 46790}, 'gpt-4-turbo': {'prompt_tokens': 2374, 'completion_tokens': 347, 'total_tokens': 2721}}"
calendar_final,Add the holidays of United States to the calendar,2024-09-10 18:10:42,"{'gpt-4o': {'prompt_tokens': 208477, 'completion_tokens': 7782, 'total_tokens': 216259}, 'gpt-4-turbo': {'prompt_tokens': 6018, 'completion_tokens': 692, 'total_tokens': 6710}}"
calendar_final,change the event reminder sound of Calendar app to adara,2024-09-10 18:57:23,"{'gpt-4o': {'prompt_tokens': 1010285, 'completion_tokens': 39070, 'total_tokens': 1049355}, 'gpt-4-turbo': {'prompt_tokens': 27771, 'completion_tokens': 2979, 'total_tokens': 30750}}"
calendar_final,change the event type 'regular event' to 'deadlines',2024-09-10 18:59:57,"{'gpt-4o': {'prompt_tokens': 1065599, 'completion_tokens': 41837, 'total_tokens': 1107436}, 'gpt-4-turbo': {'prompt_tokens': 29821, 'completion_tokens': 3295, 'total_tokens': 33116}}"
calendar_final,export the events to test.ics under DCIM folder,2024-09-10 19:00:31,"{'gpt-4o': {'prompt_tokens': 1078398, 'completion_tokens': 42173, 'total_tokens': 1120571}, 'gpt-4-turbo': {'prompt_tokens': 29821, 'completion_tokens': 3295, 'total_tokens': 33116}}"
calendar_final,export the events to test.ics under DCIM folder,2024-09-10 19:09:39,"{'gpt-4o': {'prompt_tokens': 177884, 'completion_tokens': 7251, 'total_tokens': 185135}, 'gpt-4-turbo': {'prompt_tokens': 3818, 'completion_tokens': 368, 'total_tokens': 4186}}"
calendar_final,Use 24 hour formats in the Calendar app,2024-09-10 19:10:44,"{'gpt-4o': {'prompt_tokens': 207048, 'completion_tokens': 8002, 'total_tokens': 215050}, 'gpt-4-turbo': {'prompt_tokens': 5850, 'completion_tokens': 642, 'total_tokens': 6492}}"
calendar_final,"create a new event, the task is 'laundry', save it",2024-09-10 19:13:02,"{'gpt-4o': {'prompt_tokens': 290125, 'completion_tokens': 10302, 'total_tokens': 300427}, 'gpt-4-turbo': {'prompt_tokens': 9331, 'completion_tokens': 949, 'total_tokens': 10280}}"
calendar_final,search the task 'homework',2024-09-10 19:14:19,"{'gpt-4o': {'prompt_tokens': 348979, 'completion_tokens': 11535, 'total_tokens': 360514}, 'gpt-4-turbo': {'prompt_tokens': 12626, 'completion_tokens': 1251, 'total_tokens': 13877}}"
calendar_final,---,2024-09-10 19:15:38,"{'gpt-4o': {'prompt_tokens': 406849, 'completion_tokens': 12780, 'total_tokens': 419629}, 'gpt-4-turbo': {'prompt_tokens': 15720, 'completion_tokens': 1520, 'total_tokens': 17240}}"
calendar_final,change the snooze time to 30 min,2024-09-10 19:16:50,"{'gpt-4o': {'prompt_tokens': 442637, 'completion_tokens': 13855, 'total_tokens': 456492}, 'gpt-4-turbo': {'prompt_tokens': 17913, 'completion_tokens': 1852, 'total_tokens': 19765}}"
calendar_final,Add the holidays of United States to the calendar,2024-09-10 19:21:45,"{'gpt-4o': {'prompt_tokens': 578224, 'completion_tokens': 19175, 'total_tokens': 597399}, 'gpt-4-turbo': {'prompt_tokens': 21077, 'completion_tokens': 2186, 'total_tokens': 23263}}"
calendar_final,add all my contacts' birthdays into the calendar,2024-09-10 18:11:49,"{'gpt-4o': {'prompt_tokens': 238493, 'completion_tokens': 8672, 'total_tokens': 247165}, 'gpt-4-turbo': {'prompt_tokens': 6018, 'completion_tokens': 692, 'total_tokens': 6710}}"
calendar_final,add all my contacts' birthdays into the calendar,2024-09-10 19:27:50,"{'gpt-4o': {'prompt_tokens': 803497, 'completion_tokens': 26255, 'total_tokens': 829752}, 'gpt-4-turbo': {'prompt_tokens': 25338, 'completion_tokens': 2636, 'total_tokens': 27974}}"
calendar_final,Add the holidays of South Africa to the calendar and list all the events,2024-09-10 19:31:56,"{'gpt-4o': {'prompt_tokens': 926932, 'completion_tokens': 30762, 'total_tokens': 957694}, 'gpt-4-turbo': {'prompt_tokens': 29097, 'completion_tokens': 2968, 'total_tokens': 32065}}"
calendar_final,Add the holidays of China to the calendar,2024-09-10 19:32:13,"{'gpt-4o': {'prompt_tokens': 926932, 'completion_tokens': 30762, 'total_tokens': 957694}, 'gpt-4-turbo': {'prompt_tokens': 29097, 'completion_tokens': 2968, 'total_tokens': 32065}}"
calendar_final,Add the holidays of China to the calendar,2024-09-10 18:23:03,"{'gpt-4o': {'prompt_tokens': 103312, 'completion_tokens': 3660, 'total_tokens': 106972}, 'gpt-4-turbo': {'prompt_tokens': 4034, 'completion_tokens': 330, 'total_tokens': 4364}}"
calendar_final,change the view from monthly to yearly,2024-09-10 18:24:09,"{'gpt-4o': {'prompt_tokens': 128744, 'completion_tokens': 4478, 'total_tokens': 133222}, 'gpt-4-turbo': {'prompt_tokens': 5862, 'completion_tokens': 576, 'total_tokens': 6438}}"
calendar_final,delete all the events in the Calendar app,2024-09-10 18:28:41,"{'gpt-4o': {'prompt_tokens': 234036, 'completion_tokens': 9442, 'total_tokens': 243478}, 'gpt-4-turbo': {'prompt_tokens': 8986, 'completion_tokens': 1010, 'total_tokens': 9996}}"
calendar_final,create an event of 'homework' with daily repetition and save it,2024-09-10 18:38:27,"{'gpt-4o': {'prompt_tokens': 480064, 'completion_tokens': 21676, 'total_tokens': 501740}, 'gpt-4-turbo': {'prompt_tokens': 14439, 'completion_tokens': 1337, 'total_tokens': 15776}}"
calendar_final,add all the contacts anniversaries into Calendar,2024-09-10 18:45:05,"{'gpt-4o': {'prompt_tokens': 706346, 'completion_tokens': 28845, 'total_tokens': 735191}, 'gpt-4-turbo': {'prompt_tokens': 18795, 'completion_tokens': 1788, 'total_tokens': 20583}}"
calendar_final,"add the event of 'VisitParents' on july 30, remind me 1 hour before, save",2024-09-10 18:53:08,"{'gpt-4o': {'prompt_tokens': 901647, 'completion_tokens': 35174, 'total_tokens': 936821}, 'gpt-4-turbo': {'prompt_tokens': 22791, 'completion_tokens': 2244, 'total_tokens': 25035}}"
calendar_final,disable start week on Sunday,2024-09-10 18:54:28,"{'gpt-4o': {'prompt_tokens': 934995, 'completion_tokens': 36199, 'total_tokens': 971194}, 'gpt-4-turbo': {'prompt_tokens': 24907, 'completion_tokens': 2551, 'total_tokens': 27458}}"
camera4,take a selfie,2024-09-09 20:01:53,"{'gpt-4o': {'prompt_tokens': 11742, 'completion_tokens': 519, 'total_tokens': 12261}, 'gpt-4-turbo': {'prompt_tokens': 756, 'completion_tokens': 127, 'total_tokens': 883}}"
camera4,open the last picture I took,2024-09-09 20:02:23,"{'gpt-4o': {'prompt_tokens': 17069, 'completion_tokens': 806, 'total_tokens': 17875}, 'gpt-4-turbo': {'prompt_tokens': 1364, 'completion_tokens': 237, 'total_tokens': 1601}}"
camera4,take a short selfie video,2024-09-09 20:12:28,"{'gpt-4o': {'prompt_tokens': 207569, 'completion_tokens': 9548, 'total_tokens': 217117}, 'gpt-4-turbo': {'prompt_tokens': 9367, 'completion_tokens': 1673, 'total_tokens': 11040}}"
camera4,take a photo and resize it to 1000:473,2024-09-09 20:14:17,"{'gpt-4o': {'prompt_tokens': 258954, 'completion_tokens': 11391, 'total_tokens': 270345}, 'gpt-4-turbo': {'prompt_tokens': 10428, 'completion_tokens': 1866, 'total_tokens': 12294}}"
camera4,take a photo and report its size,2024-09-09 20:15:15,"{'gpt-4o': {'prompt_tokens': 272811, 'completion_tokens': 12203, 'total_tokens': 285014}, 'gpt-4-turbo': {'prompt_tokens': 11104, 'completion_tokens': 2036, 'total_tokens': 13140}}"
camera4,take a photo and name it 'sunset',2024-09-09 20:17:07,"{'gpt-4o': {'prompt_tokens': 312041, 'completion_tokens': 14041, 'total_tokens': 326082}, 'gpt-4-turbo': {'prompt_tokens': 12074, 'completion_tokens': 2212, 'total_tokens': 14286}}"
camera4,delete the last photo I took,2024-09-09 20:17:28,"{'gpt-4o': {'prompt_tokens': 312041, 'completion_tokens': 14041, 'total_tokens': 326082}, 'gpt-4-turbo': {'prompt_tokens': 12074, 'completion_tokens': 2212, 'total_tokens': 14286}}"
camera4,delete the last photo I took,2024-09-09 20:18:49,"{'gpt-4o': {'prompt_tokens': 12673, 'completion_tokens': 708, 'total_tokens': 13381}, 'gpt-4-turbo': {'prompt_tokens': 652, 'completion_tokens': 153, 'total_tokens': 805}}"
camera4,---,2024-09-09 20:19:19,"{'gpt-4o': {'prompt_tokens': 17694, 'completion_tokens': 970, 'total_tokens': 18664}, 'gpt-4-turbo': {'prompt_tokens': 1329, 'completion_tokens': 301, 'total_tokens': 1630}}"
camera4,record a short video,2024-09-09 20:03:16,"{'gpt-4o': {'prompt_tokens': 30410, 'completion_tokens': 1439, 'total_tokens': 31849}, 'gpt-4-turbo': {'prompt_tokens': 2072, 'completion_tokens': 385, 'total_tokens': 2457}}"
camera4,rotate right the last picture I took and save it as pic4.jpg,2024-09-09 20:04:17,"{'gpt-4o': {'prompt_tokens': 49462, 'completion_tokens': 2389, 'total_tokens': 51851}, 'gpt-4-turbo': {'prompt_tokens': 2921, 'completion_tokens': 559, 'total_tokens': 3480}}"
camera4,print the last picture I took as pic3.jpg,2024-09-09 20:06:14,"{'gpt-4o': {'prompt_tokens': 88359, 'completion_tokens': 4328, 'total_tokens': 92687}, 'gpt-4-turbo': {'prompt_tokens': 3986, 'completion_tokens': 750, 'total_tokens': 4736}}"
camera4,close the shutter sound,2024-09-09 20:07:06,"{'gpt-4o': {'prompt_tokens': 106558, 'completion_tokens': 5023, 'total_tokens': 111581}, 'gpt-4-turbo': {'prompt_tokens': 5033, 'completion_tokens': 896, 'total_tokens': 5929}}"
camera4,use volume button as shutter,2024-09-09 20:07:42,"{'gpt-4o': {'prompt_tokens': 117875, 'completion_tokens': 5443, 'total_tokens': 123318}, 'gpt-4-turbo': {'prompt_tokens': 6003, 'completion_tokens': 1012, 'total_tokens': 7015}}"
camera4,compress the photos by 50%,2024-09-09 20:08:25,"{'gpt-4o': {'prompt_tokens': 132409, 'completion_tokens': 5999, 'total_tokens': 138408}, 'gpt-4-turbo': {'prompt_tokens': 7004, 'completion_tokens': 1138, 'total_tokens': 8142}}"
camera4,take a photo and move it to folder 'movies' in SD card,2024-09-09 20:10:01,"{'gpt-4o': {'prompt_tokens': 161524, 'completion_tokens': 7354, 'total_tokens': 168878}, 'gpt-4-turbo': {'prompt_tokens': 7838, 'completion_tokens': 1343, 'total_tokens': 9181}}"
camera4,take a photo and add it to favorite,2024-09-09 20:11:12,"{'gpt-4o': {'prompt_tokens': 184290, 'completion_tokens': 8460, 'total_tokens': 192750}, 'gpt-4-turbo': {'prompt_tokens': 8574, 'completion_tokens': 1506, 'total_tokens': 10080}}"
clock_final,turn on the '7:00 am' alarm clock vibration function,2024-09-25 15:45:46,"{'gpt-4o': {'prompt_tokens': 42828, 'completion_tokens': 1820, 'total_tokens': 44648}, 'gpt-4-turbo': {'prompt_tokens': 2403, 'completion_tokens': 435, 'total_tokens': 2838}}"
clock_final,check the frequently asked questions,2024-09-25 15:48:23,"{'gpt-4o': {'prompt_tokens': 121490, 'completion_tokens': 4510, 'total_tokens': 126000}, 'gpt-4-turbo': {'prompt_tokens': 5823, 'completion_tokens': 849, 'total_tokens': 6672}}"
clock_final,disable 'start week on sunday',2024-09-25 16:20:45,"{'gpt-4o': {'prompt_tokens': 138359, 'completion_tokens': 4867, 'total_tokens': 143226}, 'gpt-4-turbo': {'prompt_tokens': 6504, 'completion_tokens': 921, 'total_tokens': 7425}}"
clock_final,open the clock page,2024-09-25 16:21:02,"{'gpt-4o': {'prompt_tokens': 138359, 'completion_tokens': 4867, 'total_tokens': 143226}, 'gpt-4-turbo': {'prompt_tokens': 6504, 'completion_tokens': 921, 'total_tokens': 7425}}"
clock_final,Open the clock page,2024-09-25 16:24:41,{}
clock_final,Open the clock page,2024-09-25 16:26:30,"{'gpt-4o': {'prompt_tokens': 5527, 'completion_tokens': 217, 'total_tokens': 5744}}"
clock_final,Open the clock page,2024-09-25 16:26:30,{}
clock_final,Open the clock page,2024-09-25 16:26:30,{}
clock_final,Open the clock page,2024-09-25 16:29:04,"{'gpt-4o': {'prompt_tokens': 6634, 'completion_tokens': 226, 'total_tokens': 6860}, 'gpt-4-turbo': {'prompt_tokens': 702, 'completion_tokens': 104, 'total_tokens': 806}}"
clock_final,add a new timer of 5:00,2024-09-25 15:50:47,"{'gpt-4o': {'prompt_tokens': 165100, 'completion_tokens': 6291, 'total_tokens': 171391}, 'gpt-4-turbo': {'prompt_tokens': 8430, 'completion_tokens': 1302, 'total_tokens': 9732}}"
clock_final,Set the snooze time to 5 minute,2024-09-25 15:52:18,"{'gpt-4o': {'prompt_tokens': 201690, 'completion_tokens': 7665, 'total_tokens': 209355}, 'gpt-4-turbo': {'prompt_tokens': 11119, 'completion_tokens': 1742, 'total_tokens': 12861}}"
clock_final,Set the sorting order for alarms by 'Day and Alarm time',2024-09-25 15:57:14,"{'gpt-4o': {'prompt_tokens': 368819, 'completion_tokens': 13400, 'total_tokens': 382219}, 'gpt-4-turbo': {'prompt_tokens': 15104, 'completion_tokens': 2270, 'total_tokens': 17374}}"
clock_final,open the clock page,2024-09-25 15:57:29,"{'gpt-4o': {'prompt_tokens': 368819, 'completion_tokens': 13400, 'total_tokens': 382219}, 'gpt-4-turbo': {'prompt_tokens': 15104, 'completion_tokens': 2270, 'total_tokens': 17374}}"
clock_final,open the clock page,2024-09-25 16:12:21,{}
clock_final,open the clock page,2024-09-25 16:13:25,{}
clock_final,open the clock page,2024-09-25 16:15:33,{}
clock_final,Do not prevent the phone from entering sleep mode when the application,2024-09-25 16:18:53,"{'gpt-4o': {'prompt_tokens': 91443, 'completion_tokens': 3207, 'total_tokens': 94650}, 'gpt-4-turbo': {'prompt_tokens': 3510, 'completion_tokens': 482, 'total_tokens': 3992}}"
contact_final,Change the font size of the Contacts app to medium,2024-09-12 19:10:03,"{'gpt-4o': {'prompt_tokens': 10372, 'completion_tokens': 427, 'total_tokens': 10799}, 'gpt-4-turbo': {'prompt_tokens': 993, 'completion_tokens': 154, 'total_tokens': 1147}}"
contact_final,"Create a new contact Stephen Bob, mobile number 12345678900",2024-09-12 19:11:05,"{'gpt-4o': {'prompt_tokens': 43054, 'completion_tokens': 1443, 'total_tokens': 44497}, 'gpt-4-turbo': {'prompt_tokens': 2004, 'completion_tokens': 355, 'total_tokens': 2359}}"
contact_final,Open dialpad and call 911,2024-09-12 19:23:18,"{'gpt-4o': {'prompt_tokens': 187805, 'completion_tokens': 6908, 'total_tokens': 194713}, 'gpt-4-turbo': {'prompt_tokens': 6170, 'completion_tokens': 916, 'total_tokens': 7086}}"
contact_final,Change theme color to light,2024-09-12 19:24:02,"{'gpt-4o': {'prompt_tokens': 203981, 'completion_tokens': 7611, 'total_tokens': 211592}, 'gpt-4-turbo': {'prompt_tokens': 6899, 'completion_tokens': 1052, 'total_tokens': 7951}}"
contact_final,show phone numbers in the list view,2024-09-12 19:24:46,"{'gpt-4o': {'prompt_tokens': 218222, 'completion_tokens': 8174, 'total_tokens': 226396}, 'gpt-4-turbo': {'prompt_tokens': 7703, 'completion_tokens': 1215, 'total_tokens': 8918}}"
contact_final,"Create a new group 'Classmates',add Alice,Bob and Jack to the new group,",2024-09-12 19:26:17,"{'gpt-4o': {'prompt_tokens': 252562, 'completion_tokens': 9872, 'total_tokens': 262434}, 'gpt-4-turbo': {'prompt_tokens': 7703, 'completion_tokens': 1215, 'total_tokens': 8918}}"
contact_final,Change Bob's mobile number from '222222' to '12345678900',2024-09-12 19:28:13,"{'gpt-4o': {'prompt_tokens': 46484, 'completion_tokens': 1664, 'total_tokens': 48148}, 'gpt-4-turbo': {'prompt_tokens': 1016, 'completion_tokens': 176, 'total_tokens': 1192}}"
contact_final,Export contacts to a .vcf file 'classmate.vcf'',2024-09-12 19:29:15,"{'gpt-4o': {'prompt_tokens': 67856, 'completion_tokens': 2664, 'total_tokens': 70520}, 'gpt-4-turbo': {'prompt_tokens': 2028, 'completion_tokens': 353, 'total_tokens': 2381}}"
contact_final,Add contact Bob to Favorites,2024-09-12 19:30:03,"{'gpt-4o': {'prompt_tokens': 78772, 'completion_tokens': 3057, 'total_tokens': 81829}, 'gpt-4-turbo': {'prompt_tokens': 2787, 'completion_tokens': 482, 'total_tokens': 3269}}"
contact_final,Send a text message to Bob with the following content:'Goodmorning',2024-09-12 19:30:53,"{'gpt-4o': {'prompt_tokens': 100367, 'completion_tokens': 3865, 'total_tokens': 104232}, 'gpt-4-turbo': {'prompt_tokens': 3706, 'completion_tokens': 647, 'total_tokens': 4353}}"
contact_final,Open Bob's information page and call him,2024-09-12 19:31:40,"{'gpt-4o': {'prompt_tokens': 115828, 'completion_tokens': 4373, 'total_tokens': 120201}, 'gpt-4-turbo': {'prompt_tokens': 3706, 'completion_tokens': 647, 'total_tokens': 4353}}"
contact_final,Open dialpad and call 911,2024-09-12 19:32:52,"{'gpt-4o': {'prompt_tokens': 10434, 'completion_tokens': 430, 'total_tokens': 10864}}"
contact_final,Change theme color to light,2024-09-12 19:11:52,"{'gpt-4o': {'prompt_tokens': 59350, 'completion_tokens': 2212, 'total_tokens': 61562}, 'gpt-4-turbo': {'prompt_tokens': 2733, 'completion_tokens': 496, 'total_tokens': 3229}}"
contact_final,Change theme color to light,2024-09-12 19:33:55,"{'gpt-4o': {'prompt_tokens': 16069, 'completion_tokens': 736, 'total_tokens': 16805}, 'gpt-4-turbo': {'prompt_tokens': 729, 'completion_tokens': 129, 'total_tokens': 858}}"
contact_final,show phone numbers in the list view,2024-09-12 19:34:34,"{'gpt-4o': {'prompt_tokens': 30254, 'completion_tokens': 1277, 'total_tokens': 31531}, 'gpt-4-turbo': {'prompt_tokens': 1533, 'completion_tokens': 290, 'total_tokens': 1823}}"
contact_final,Delete contact Bob,2024-09-12 19:35:30,"{'gpt-4o': {'prompt_tokens': 47922, 'completion_tokens': 1997, 'total_tokens': 49919}, 'gpt-4-turbo': {'prompt_tokens': 2440, 'completion_tokens': 420, 'total_tokens': 2860}}"
contact_final,"Sort contacts based on ""Date created"" in descending order",2024-09-12 19:37:10,"{'gpt-4o': {'prompt_tokens': 96640, 'completion_tokens': 3835, 'total_tokens': 100475}, 'gpt-4-turbo': {'prompt_tokens': 3486, 'completion_tokens': 563, 'total_tokens': 4049}}"
contact_final,Change the font size of the Contacts app to medium,2024-09-12 19:37:49,"{'gpt-4o': {'prompt_tokens': 109586, 'completion_tokens': 4397, 'total_tokens': 113983}, 'gpt-4-turbo': {'prompt_tokens': 4166, 'completion_tokens': 694, 'total_tokens': 4860}}"
contact_final,"Create a new contact Stephen Bob, mobile number 12345678900",2024-09-12 19:38:50,"{'gpt-4o': {'prompt_tokens': 142267, 'completion_tokens': 5434, 'total_tokens': 147701}, 'gpt-4-turbo': {'prompt_tokens': 5176, 'completion_tokens': 877, 'total_tokens': 6053}}"
contact_final,Disable showing the dial pad button on the main screen,2024-09-12 19:40:35,"{'gpt-4o': {'prompt_tokens': 188413, 'completion_tokens': 7429, 'total_tokens': 195842}, 'gpt-4-turbo': {'prompt_tokens': 6527, 'completion_tokens': 1066, 'total_tokens': 7593}}"
contact_final,"Create a new group 'Classmates',add Alice,Bob and Jack to the new group,",2024-09-12 19:40:52,"{'gpt-4o': {'prompt_tokens': 188413, 'completion_tokens': 7429, 'total_tokens': 195842}, 'gpt-4-turbo': {'prompt_tokens': 6527, 'completion_tokens': 1066, 'total_tokens': 7593}}"
contact_final,Open dialpad and call 911,2024-09-12 19:13:59,"{'gpt-4o': {'prompt_tokens': 110678, 'completion_tokens': 4231, 'total_tokens': 114909}, 'gpt-4-turbo': {'prompt_tokens': 3922, 'completion_tokens': 652, 'total_tokens': 4574}}"
contact_final,Open Bob's information page and call him,2024-09-12 19:15:04,"{'gpt-4o': {'prompt_tokens': 128313, 'completion_tokens': 4923, 'total_tokens': 133236}, 'gpt-4-turbo': {'prompt_tokens': 3922, 'completion_tokens': 652, 'total_tokens': 4574}}"
contact_final,Change Bob's mobile number from '222222' to '12345678900',2024-09-12 19:16:52,"{'gpt-4o': {'prompt_tokens': 27895, 'completion_tokens': 920, 'total_tokens': 28815}, 'gpt-4-turbo': {'prompt_tokens': 879, 'completion_tokens': 177, 'total_tokens': 1056}}"
contact_final,Export contacts to a .vcf file 'classmate.vcf'',2024-09-12 19:17:47,"{'gpt-4o': {'prompt_tokens': 48891, 'completion_tokens': 1850, 'total_tokens': 50741}, 'gpt-4-turbo': {'prompt_tokens': 1891, 'completion_tokens': 328, 'total_tokens': 2219}}"
contact_final,Add contact Bob to Favorites,2024-09-12 19:18:18,"{'gpt-4o': {'prompt_tokens': 59752, 'completion_tokens': 2226, 'total_tokens': 61978}, 'gpt-4-turbo': {'prompt_tokens': 2650, 'completion_tokens': 449, 'total_tokens': 3099}}"
contact_final,Send a text message to Bob with the following content:'Goodmorning',2024-09-12 19:19:06,"{'gpt-4o': {'prompt_tokens': 80097, 'completion_tokens': 2981, 'total_tokens': 83078}, 'gpt-4-turbo': {'prompt_tokens': 3529, 'completion_tokens': 629, 'total_tokens': 4158}}"
contact_final,Open Bob's information page and call him,2024-09-12 19:21:26,"{'gpt-4o': {'prompt_tokens': 134009, 'completion_tokens': 4819, 'total_tokens': 138828}, 'gpt-4-turbo': {'prompt_tokens': 5013, 'completion_tokens': 779, 'total_tokens': 5792}}"
dialer4,"Create a new contact John Smith, mobile number 12345678900",2024-09-09 20:33:34,"{'gpt-4o': {'prompt_tokens': 51478, 'completion_tokens': 1895, 'total_tokens': 53373}, 'gpt-4-turbo': {'prompt_tokens': 1228, 'completion_tokens': 176, 'total_tokens': 1404}}"
dialer4,"Create a new contact Alice, mobile number 31232134",2024-09-09 20:34:33,"{'gpt-4o': {'prompt_tokens': 78498, 'completion_tokens': 2776, 'total_tokens': 81274}, 'gpt-4-turbo': {'prompt_tokens': 2307, 'completion_tokens': 326, 'total_tokens': 2633}}"
dialer4,Turn on hide dialpad numbers,2024-09-09 20:42:47,"{'gpt-4o': {'prompt_tokens': 280791, 'completion_tokens': 9495, 'total_tokens': 290286}, 'gpt-4-turbo': {'prompt_tokens': 10873, 'completion_tokens': 1556, 'total_tokens': 12429}}"
dialer4,call 911,2024-09-09 20:45:20,"{'gpt-4o': {'prompt_tokens': 333911, 'completion_tokens': 11218, 'total_tokens': 345129}, 'gpt-4-turbo': {'prompt_tokens': 12311, 'completion_tokens': 1691, 'total_tokens': 14002}}"
dialer4,Text Alice that I love you,2024-09-09 20:46:20,"{'gpt-4o': {'prompt_tokens': 355511, 'completion_tokens': 12109, 'total_tokens': 367620}, 'gpt-4-turbo': {'prompt_tokens': 13141, 'completion_tokens': 1828, 'total_tokens': 14969}}"
dialer4,Delete all call history,2024-09-09 20:48:43,"{'gpt-4o': {'prompt_tokens': 416888, 'completion_tokens': 14022, 'total_tokens': 430910}, 'gpt-4-turbo': {'prompt_tokens': 14506, 'completion_tokens': 2018, 'total_tokens': 16524}}"
dialer4,Delete contact John Smith,2024-09-09 20:49:28,"{'gpt-4o': {'prompt_tokens': 433527, 'completion_tokens': 14544, 'total_tokens': 448071}, 'gpt-4-turbo': {'prompt_tokens': 15496, 'completion_tokens': 2155, 'total_tokens': 17651}}"
dialer4,Switch custom colors to light,2024-09-09 20:50:37,"{'gpt-4o': {'prompt_tokens': 460131, 'completion_tokens': 15656, 'total_tokens': 475787}, 'gpt-4-turbo': {'prompt_tokens': 16635, 'completion_tokens': 2286, 'total_tokens': 18921}}"
dialer4,Find a Contact Alice,2024-09-09 20:35:10,"{'gpt-4o': {'prompt_tokens': 91225, 'completion_tokens': 3156, 'total_tokens': 94381}, 'gpt-4-turbo': {'prompt_tokens': 3115, 'completion_tokens': 447, 'total_tokens': 3562}}"
dialer4,Add contact Alice to favorites,2024-09-09 20:35:54,"{'gpt-4o': {'prompt_tokens': 107754, 'completion_tokens': 3701, 'total_tokens': 111455}, 'gpt-4-turbo': {'prompt_tokens': 3953, 'completion_tokens': 592, 'total_tokens': 4545}}"
dialer4,Add contact John Smith to favorites,2024-09-09 20:36:34,"{'gpt-4o': {'prompt_tokens': 122548, 'completion_tokens': 4221, 'total_tokens': 126769}, 'gpt-4-turbo': {'prompt_tokens': 4734, 'completion_tokens': 729, 'total_tokens': 5463}}"
dialer4,Modify Alice's mobile number to 1234567890,2024-09-09 20:37:38,"{'gpt-4o': {'prompt_tokens': 151560, 'completion_tokens': 5116, 'total_tokens': 156676}, 'gpt-4-turbo': {'prompt_tokens': 5672, 'completion_tokens': 883, 'total_tokens': 6555}}"
dialer4,Sort contacts by first name in ascending order,2024-09-09 20:38:21,"{'gpt-4o': {'prompt_tokens': 166720, 'completion_tokens': 5650, 'total_tokens': 172370}, 'gpt-4-turbo': {'prompt_tokens': 6701, 'completion_tokens': 1017, 'total_tokens': 7718}}"
dialer4,Call Alice,2024-09-09 20:39:20,"{'gpt-4o': {'prompt_tokens': 185612, 'completion_tokens': 6531, 'total_tokens': 192143}, 'gpt-4-turbo': {'prompt_tokens': 7471, 'completion_tokens': 1162, 'total_tokens': 8633}}"
dialer4,View Favorite Contacts,2024-09-09 20:41:06,"{'gpt-4o': {'prompt_tokens': 248096, 'completion_tokens': 8271, 'total_tokens': 256367}, 'gpt-4-turbo': {'prompt_tokens': 8788, 'completion_tokens': 1299, 'total_tokens': 10087}}"
dialer4,Adjust font size to medium,2024-09-09 20:41:59,"{'gpt-4o': {'prompt_tokens': 265737, 'completion_tokens': 8939, 'total_tokens': 274676}, 'gpt-4-turbo': {'prompt_tokens': 9842, 'completion_tokens': 1427, 'total_tokens': 11269}}"
gallery_final,Display five images per row in the Gallery app,2024-09-10 20:53:56,"{'gpt-4o': {'prompt_tokens': 24005, 'completion_tokens': 954, 'total_tokens': 24959}, 'gpt-4-turbo': {'prompt_tokens': 1708, 'completion_tokens': 261, 'total_tokens': 1969}}"
gallery_final,Restore the video to its previous playback position the next time it is,2024-09-10 20:56:22,"{'gpt-4o': {'prompt_tokens': 101394, 'completion_tokens': 3523, 'total_tokens': 104917}, 'gpt-4-turbo': {'prompt_tokens': 4484, 'completion_tokens': 559, 'total_tokens': 5043}}"
gallery_final,"create a folder and name it 'traveling_photos' in the 'DCIM' folder, the",2024-09-10 20:59:24,"{'gpt-4o': {'prompt_tokens': 144145, 'completion_tokens': 5599, 'total_tokens': 149744}, 'gpt-4-turbo': {'prompt_tokens': 6274, 'completion_tokens': 904, 'total_tokens': 7178}}"
gallery_final,Change the display mode from grid to list in the Gallery app,2024-09-10 21:00:47,"{'gpt-4o': {'prompt_tokens': 169247, 'completion_tokens': 6723, 'total_tokens': 175970}, 'gpt-4-turbo': {'prompt_tokens': 7954, 'completion_tokens': 1158, 'total_tokens': 9112}}"
gallery_final,Open DCIM folder in gallery app,2024-09-10 21:01:52,"{'gpt-4o': {'prompt_tokens': 189207, 'completion_tokens': 7509, 'total_tokens': 196716}, 'gpt-4-turbo': {'prompt_tokens': 9546, 'completion_tokens': 1446, 'total_tokens': 10992}}"
gallery_final,Search for the DCIM folder in gallery app and open it,2024-09-10 21:03:10,"{'gpt-4o': {'prompt_tokens': 213121, 'completion_tokens': 8560, 'total_tokens': 221681}, 'gpt-4-turbo': {'prompt_tokens': 11188, 'completion_tokens': 1749, 'total_tokens': 12937}}"
gallery_final,Show all contents in all folders within the gallery app,2024-09-10 21:05:34,"{'gpt-4o': {'prompt_tokens': 279524, 'completion_tokens': 10649, 'total_tokens': 290173}, 'gpt-4-turbo': {'prompt_tokens': 13534, 'completion_tokens': 2039, 'total_tokens': 15573}}"
gallery_final,Sort folders in the Gallery app by name in descending order,2024-09-10 21:08:12,"{'gpt-4o': {'prompt_tokens': 345689, 'completion_tokens': 13187, 'total_tokens': 358876}, 'gpt-4-turbo': {'prompt_tokens': 15578, 'completion_tokens': 2313, 'total_tokens': 17891}}"
gallery_final,Do not display GIF images in the Gallery app,2024-09-10 21:11:31,"{'gpt-4o': {'prompt_tokens': 451990, 'completion_tokens': 16761, 'total_tokens': 468751}, 'gpt-4-turbo': {'prompt_tokens': 18531, 'completion_tokens': 2642, 'total_tokens': 21173}}"
manager_final,sort the folers by last modified in descending order,2024-09-10 19:40:02,"{'gpt-4o': {'prompt_tokens': 35679, 'completion_tokens': 1559, 'total_tokens': 37238}, 'gpt-4-turbo': {'prompt_tokens': 2775, 'completion_tokens': 345, 'total_tokens': 3120}}"
manager_final,add 'alarms' as favorite,2024-09-10 19:42:55,"{'gpt-4o': {'prompt_tokens': 109936, 'completion_tokens': 5066, 'total_tokens': 115002}, 'gpt-4-turbo': {'prompt_tokens': 4989, 'completion_tokens': 713, 'total_tokens': 5702}}"
manager_final,go to the 'recent' tab and open the test1.m4a,2024-09-10 20:27:44,"{'gpt-4o': {'prompt_tokens': 153452, 'completion_tokens': 4580, 'total_tokens': 158032}, 'gpt-4-turbo': {'prompt_tokens': 5311, 'completion_tokens': 571, 'total_tokens': 5882}}"
manager_final,go to 'download' folder and open Diary.pdf,2024-09-10 20:28:50,"{'gpt-4o': {'prompt_tokens': 178777, 'completion_tokens': 5431, 'total_tokens': 184208}, 'gpt-4-turbo': {'prompt_tokens': 7236, 'completion_tokens': 876, 'total_tokens': 8112}}"
manager_final,check the total storage of my phone,2024-09-10 20:29:38,"{'gpt-4o': {'prompt_tokens': 194474, 'completion_tokens': 5948, 'total_tokens': 200422}, 'gpt-4-turbo': {'prompt_tokens': 8922, 'completion_tokens': 1142, 'total_tokens': 10064}}"
manager_final,go to recents and play video2.mp4,2024-09-10 20:30:47,"{'gpt-4o': {'prompt_tokens': 222999, 'completion_tokens': 6878, 'total_tokens': 229877}, 'gpt-4-turbo': {'prompt_tokens': 10244, 'completion_tokens': 1479, 'total_tokens': 11723}}"
manager_final,change pressing 'back' from twice to once to leave the app,2024-09-10 20:32:36,"{'gpt-4o': {'prompt_tokens': 280182, 'completion_tokens': 8730, 'total_tokens': 288912}, 'gpt-4-turbo': {'prompt_tokens': 13305, 'completion_tokens': 1810, 'total_tokens': 15115}}"
manager_final,change font size of the File manager app to large,2024-09-10 20:33:41,"{'gpt-4o': {'prompt_tokens': 303280, 'completion_tokens': 9534, 'total_tokens': 312814}, 'gpt-4-turbo': {'prompt_tokens': 15264, 'completion_tokens': 2104, 'total_tokens': 17368}}"
manager_final,disable showing the 'recents' tabs,2024-09-10 20:36:36,"{'gpt-4o': {'prompt_tokens': 366784, 'completion_tokens': 12317, 'total_tokens': 379101}, 'gpt-4-turbo': {'prompt_tokens': 17254, 'completion_tokens': 2427, 'total_tokens': 19681}}"
manager_final,"open screen_2023-06-30_141247.png with gallery, Always open with gallery",2024-09-10 20:38:54,"{'gpt-4o': {'prompt_tokens': 394772, 'completion_tokens': 13616, 'total_tokens': 408388}, 'gpt-4-turbo': {'prompt_tokens': 18087, 'completion_tokens': 2682, 'total_tokens': 20769}}"
manager_final,change the theme to light,2024-09-10 19:46:03,"{'gpt-4o': {'prompt_tokens': 152734, 'completion_tokens': 7188, 'total_tokens': 159922}, 'gpt-4-turbo': {'prompt_tokens': 7160, 'completion_tokens': 1023, 'total_tokens': 8183}}"
manager_final,temporarily show hidden files,2024-09-10 19:47:03,"{'gpt-4o': {'prompt_tokens': 174463, 'completion_tokens': 7922, 'total_tokens': 182385}, 'gpt-4-turbo': {'prompt_tokens': 9102, 'completion_tokens': 1337, 'total_tokens': 10439}}"
manager_final,change the view type to grid,2024-09-10 19:48:14,"{'gpt-4o': {'prompt_tokens': 195906, 'completion_tokens': 8958, 'total_tokens': 204864}, 'gpt-4-turbo': {'prompt_tokens': 10483, 'completion_tokens': 1590, 'total_tokens': 12073}}"
manager_final,"open 'android' folder, sort the files by extension",2024-09-10 19:54:30,"{'gpt-4o': {'prompt_tokens': 341475, 'completion_tokens': 15610, 'total_tokens': 357085}, 'gpt-4-turbo': {'prompt_tokens': 14698, 'completion_tokens': 1901, 'total_tokens': 16599}}"
manager_final,change the storage type to sd card,2024-09-10 19:57:55,"{'gpt-4o': {'prompt_tokens': 399469, 'completion_tokens': 18435, 'total_tokens': 417904}, 'gpt-4-turbo': {'prompt_tokens': 14698, 'completion_tokens': 1901, 'total_tokens': 16599}}"
manager_final,"open 'android' folder, sort the files by extension",2024-09-10 20:20:15,"{'gpt-4o': {'prompt_tokens': 79950, 'completion_tokens': 2834, 'total_tokens': 82784}, 'gpt-4-turbo': {'prompt_tokens': 2169, 'completion_tokens': 371, 'total_tokens': 2540}}"
manager_final,change the storage type to sd card,2024-09-10 20:22:22,"{'gpt-4o': {'prompt_tokens': 154139, 'completion_tokens': 5033, 'total_tokens': 159172}, 'gpt-4-turbo': {'prompt_tokens': 3722, 'completion_tokens': 517, 'total_tokens': 4239}}"
manager_final,sort the folders by size,2024-09-10 20:24:45,"{'gpt-4o': {'prompt_tokens': 35949, 'completion_tokens': 1246, 'total_tokens': 37195}, 'gpt-4-turbo': {'prompt_tokens': 2275, 'completion_tokens': 242, 'total_tokens': 2517}}"
message_final,Export all messages to 'Messages_2023_07_01_11_04_43.json',2024-09-25 22:23:33,"{'gpt-4o': {'prompt_tokens': 3166, 'completion_tokens': 128, 'total_tokens': 3294}}"
message_final,Export all messages to 'Messages_2023_07_01_11_04_43.json',2024-09-25 22:28:19,"{'gpt-4o': {'prompt_tokens': 86042, 'completion_tokens': 3517, 'total_tokens': 89559}, 'gpt-4-turbo': {'prompt_tokens': 3588, 'completion_tokens': 570, 'total_tokens': 4158}}"
message_final,call Alice,2024-09-25 22:46:42,"{'gpt-4o': {'prompt_tokens': 332600, 'completion_tokens': 12455, 'total_tokens': 345055}, 'gpt-4-turbo': {'prompt_tokens': 13191, 'completion_tokens': 1922, 'total_tokens': 15113}}"
message_final,Send long messages as MMS,2024-09-25 22:52:10,"{'gpt-4o': {'prompt_tokens': 468069, 'completion_tokens': 16530, 'total_tokens': 484599}, 'gpt-4-turbo': {'prompt_tokens': 15857, 'completion_tokens': 2339, 'total_tokens': 18196}}"
message_final,Delete and Bob's message records,2024-09-25 22:53:38,"{'gpt-4o': {'prompt_tokens': 494032, 'completion_tokens': 17543, 'total_tokens': 511575}, 'gpt-4-turbo': {'prompt_tokens': 17597, 'completion_tokens': 2635, 'total_tokens': 20232}}"
message_final,Enable delivery reports,2024-09-25 22:55:15,"{'gpt-4o': {'prompt_tokens': 525866, 'completion_tokens': 18625, 'total_tokens': 544491}, 'gpt-4-turbo': {'prompt_tokens': 19689, 'completion_tokens': 2904, 'total_tokens': 22593}}"
message_final,Send message by pressing Enter,2024-09-25 22:56:55,"{'gpt-4o': {'prompt_tokens': 553434, 'completion_tokens': 19608, 'total_tokens': 573042}, 'gpt-4-turbo': {'prompt_tokens': 21775, 'completion_tokens': 3170, 'total_tokens': 24945}}"
message_final,Remove accents and diacritics at sending messages,2024-09-25 23:01:36,"{'gpt-4o': {'prompt_tokens': 678928, 'completion_tokens': 23692, 'total_tokens': 702620}, 'gpt-4-turbo': {'prompt_tokens': 24903, 'completion_tokens': 3536, 'total_tokens': 28439}}"
message_final,find messages with Alice,2024-09-25 23:02:37,"{'gpt-4o': {'prompt_tokens': 694894, 'completion_tokens': 24210, 'total_tokens': 719104}, 'gpt-4-turbo': {'prompt_tokens': 26673, 'completion_tokens': 3762, 'total_tokens': 30435}}"
message_final,Switch custom colors to light and save it,2024-09-25 23:05:33,"{'gpt-4o': {'prompt_tokens': 728150, 'completion_tokens': 25596, 'total_tokens': 753746}, 'gpt-4-turbo': {'prompt_tokens': 28476, 'completion_tokens': 4063, 'total_tokens': 32539}}"
message_final,---,2024-09-25 23:06:04,"{'gpt-4o': {'prompt_tokens': 735266, 'completion_tokens': 25899, 'total_tokens': 761165}, 'gpt-4-turbo': {'prompt_tokens': 28476, 'completion_tokens': 4063, 'total_tokens': 32539}}"
message_final,view messages with Bob,2024-09-25 22:29:18,"{'gpt-4o': {'prompt_tokens': 97667, 'completion_tokens': 3960, 'total_tokens': 101627}, 'gpt-4-turbo': {'prompt_tokens': 3588, 'completion_tokens': 570, 'total_tokens': 4158}}"
message_final,Export all messages to 'Messages_2023_07_01_11_04_43.json',2024-09-25 22:30:56,"{'gpt-4o': {'prompt_tokens': 22462, 'completion_tokens': 932, 'total_tokens': 23394}}"
message_final,view messages with Bob,2024-09-25 22:32:17,"{'gpt-4o': {'prompt_tokens': 13550, 'completion_tokens': 518, 'total_tokens': 14068}, 'gpt-4-turbo': {'prompt_tokens': 1444, 'completion_tokens': 238, 'total_tokens': 1682}}"
message_final,show a character counter at writing messages,2024-09-25 22:35:43,"{'gpt-4o': {'prompt_tokens': 102968, 'completion_tokens': 3595, 'total_tokens': 106563}, 'gpt-4-turbo': {'prompt_tokens': 4166, 'completion_tokens': 575, 'total_tokens': 4741}}"
message_final,adjust font size to medium,2024-09-25 22:36:51,"{'gpt-4o': {'prompt_tokens': 122847, 'completion_tokens': 4392, 'total_tokens': 127239}, 'gpt-4-turbo': {'prompt_tokens': 5486, 'completion_tokens': 782, 'total_tokens': 6268}}"
message_final,change the name of the chat with Alice to 'team_discussion',2024-09-25 22:41:28,"{'gpt-4o': {'prompt_tokens': 226157, 'completion_tokens': 8415, 'total_tokens': 234572}, 'gpt-4-turbo': {'prompt_tokens': 7841, 'completion_tokens': 1117, 'total_tokens': 8958}}"
message_final,Mark the chat with Bob as Unread,2024-09-25 22:43:37,"{'gpt-4o': {'prompt_tokens': 275021, 'completion_tokens': 10475, 'total_tokens': 285496}, 'gpt-4-turbo': {'prompt_tokens': 9793, 'completion_tokens': 1369, 'total_tokens': 11162}}"
message_final,"Send a text message ""Morning"" to Alice",2024-09-25 22:45:15,"{'gpt-4o': {'prompt_tokens': 309043, 'completion_tokens': 11630, 'total_tokens': 320673}, 'gpt-4-turbo': {'prompt_tokens': 11497, 'completion_tokens': 1637, 'total_tokens': 13134}}"
music_final,"play the song ""test1"" in the tracks",2024-09-12 17:34:55,"{'gpt-4o': {'prompt_tokens': 57496, 'completion_tokens': 1998, 'total_tokens': 59494}, 'gpt-4-turbo': {'prompt_tokens': 1859, 'completion_tokens': 305, 'total_tokens': 2164}}"
music_final,set the song to gapless playback,2024-09-12 17:36:09,"{'gpt-4o': {'prompt_tokens': 84904, 'completion_tokens': 3058, 'total_tokens': 87962}, 'gpt-4-turbo': {'prompt_tokens': 3543, 'completion_tokens': 566, 'total_tokens': 4109}}"
music_final,"change the mode to ""Hip Hop""",2024-09-12 17:38:58,"{'gpt-4o': {'prompt_tokens': 182491, 'completion_tokens': 7911, 'total_tokens': 190402}, 'gpt-4-turbo': {'prompt_tokens': 5746, 'completion_tokens': 915, 'total_tokens': 6661}}"
music_final,play 'test1' in recordings and set the loop mode to 'loop the current song',2024-09-12 17:42:03,"{'gpt-4o': {'prompt_tokens': 272700, 'completion_tokens': 11715, 'total_tokens': 284415}, 'gpt-4-turbo': {'prompt_tokens': 8112, 'completion_tokens': 1290, 'total_tokens': 9402}}"
music_final,sort by year in descending order,2024-09-12 17:44:39,"{'gpt-4o': {'prompt_tokens': 342046, 'completion_tokens': 14496, 'total_tokens': 356542}, 'gpt-4-turbo': {'prompt_tokens': 10162, 'completion_tokens': 1643, 'total_tokens': 11805}}"
music_final,check the 'Recordings' in the Folders,2024-09-12 17:45:28,"{'gpt-4o': {'prompt_tokens': 360823, 'completion_tokens': 15184, 'total_tokens': 376007}, 'gpt-4-turbo': {'prompt_tokens': 11938, 'completion_tokens': 1899, 'total_tokens': 13837}}"
music_final,set the sleep timer for five minutes,2024-09-12 17:46:34,"{'gpt-4o': {'prompt_tokens': 382885, 'completion_tokens': 16121, 'total_tokens': 399006}, 'gpt-4-turbo': {'prompt_tokens': 13523, 'completion_tokens': 2143, 'total_tokens': 15666}}"
music_final,"Search for the song ""test1"" and play it",2024-09-12 17:47:58,"{'gpt-4o': {'prompt_tokens': 416949, 'completion_tokens': 17352, 'total_tokens': 434301}, 'gpt-4-turbo': {'prompt_tokens': 15215, 'completion_tokens': 2542, 'total_tokens': 17757}}"
music_final,change the theme of the Music player app to light and save it,2024-09-12 17:49:58,"{'gpt-4o': {'prompt_tokens': 458433, 'completion_tokens': 19141, 'total_tokens': 477574}, 'gpt-4-turbo': {'prompt_tokens': 16930, 'completion_tokens': 2835, 'total_tokens': 19765}}"
note4,Create a text note named 'NewTextNote',2024-09-09 19:38:06,{}
note4,Create a text note named 'NewTextNote',2024-09-09 19:39:27,"{'gpt-4o': {'prompt_tokens': 12147, 'completion_tokens': 624, 'total_tokens': 12771}, 'gpt-4-turbo': {'prompt_tokens': 739, 'completion_tokens': 131, 'total_tokens': 870}}"
note4,print 'Diary' as diary.pdf,2024-09-09 19:49:41,"{'gpt-4o': {'prompt_tokens': 41757, 'completion_tokens': 2024, 'total_tokens': 43781}, 'gpt-4-turbo': {'prompt_tokens': 1039, 'completion_tokens': 179, 'total_tokens': 1218}}"
note4,go to setting  change app theme to light,2024-09-09 19:51:30,"{'gpt-4o': {'prompt_tokens': 98792, 'completion_tokens': 3981, 'total_tokens': 102773}, 'gpt-4-turbo': {'prompt_tokens': 2533, 'completion_tokens': 364, 'total_tokens': 2897}}"
note4,go to setting disable autosave notes,2024-09-09 19:52:19,"{'gpt-4o': {'prompt_tokens': 117295, 'completion_tokens': 4709, 'total_tokens': 122004}, 'gpt-4-turbo': {'prompt_tokens': 3541, 'completion_tokens': 517, 'total_tokens': 4058}}"
note4,"export note 'Diary' as file diary.txt, only export the current file content",2024-09-09 19:53:56,"{'gpt-4o': {'prompt_tokens': 149822, 'completion_tokens': 6244, 'total_tokens': 156066}, 'gpt-4-turbo': {'prompt_tokens': 4467, 'completion_tokens': 700, 'total_tokens': 5167}}"
note4,change the alignment to center,2024-09-09 19:55:16,"{'gpt-4o': {'prompt_tokens': 177786, 'completion_tokens': 7316, 'total_tokens': 185102}, 'gpt-4-turbo': {'prompt_tokens': 5609, 'completion_tokens': 841, 'total_tokens': 6450}}"
note4,go to settings and enable show the nunber of words in Diary,2024-09-09 19:56:01,"{'gpt-4o': {'prompt_tokens': 192008, 'completion_tokens': 7890, 'total_tokens': 199898}, 'gpt-4-turbo': {'prompt_tokens': 6603, 'completion_tokens': 987, 'total_tokens': 7590}}"
note4,create a checklist named 'test' and sort the items by creating date,2024-09-09 19:57:42,"{'gpt-4o': {'prompt_tokens': 229291, 'completion_tokens': 9708, 'total_tokens': 238999}, 'gpt-4-turbo': {'prompt_tokens': 6603, 'completion_tokens': 987, 'total_tokens': 7590}}"
note4,Create a checklist note called 'NewCheckList',2024-09-09 19:40:16,"{'gpt-4o': {'prompt_tokens': 27800, 'completion_tokens': 1436, 'total_tokens': 29236}, 'gpt-4-turbo': {'prompt_tokens': 1536, 'completion_tokens': 278, 'total_tokens': 1814}}"
note4,Delete the note 'diary',2024-09-09 19:42:23,"{'gpt-4o': {'prompt_tokens': 25334, 'completion_tokens': 1351, 'total_tokens': 26685}, 'gpt-4-turbo': {'prompt_tokens': 837, 'completion_tokens': 142, 'total_tokens': 979}}"
note4,Create a new text note called 'test' and type '123456',2024-09-09 19:43:23,"{'gpt-4o': {'prompt_tokens': 45838, 'completion_tokens': 2326, 'total_tokens': 48164}, 'gpt-4-turbo': {'prompt_tokens': 1654, 'completion_tokens': 315, 'total_tokens': 1969}}"
note4,Rename the note 'diary' to 'events',2024-09-09 19:44:28,"{'gpt-4o': {'prompt_tokens': 69119, 'completion_tokens': 3344, 'total_tokens': 72463}, 'gpt-4-turbo': {'prompt_tokens': 2500, 'completion_tokens': 513, 'total_tokens': 3013}}"
note4,go to setting  Adjust the fontsize to 125%,2024-09-09 19:45:17,"{'gpt-4o': {'prompt_tokens': 86518, 'completion_tokens': 3992, 'total_tokens': 90510}, 'gpt-4-turbo': {'prompt_tokens': 3516, 'completion_tokens': 649, 'total_tokens': 4165}}"
note4,Open 'General note',2024-09-09 19:46:09,"{'gpt-4o': {'prompt_tokens': 102826, 'completion_tokens': 4844, 'total_tokens': 107670}, 'gpt-4-turbo': {'prompt_tokens': 4263, 'completion_tokens': 768, 'total_tokens': 5031}}"
voice_final,use player to play 'test2.m4a',2024-09-25 17:37:50,"{'gpt-4o': {'prompt_tokens': 52353, 'completion_tokens': 1481, 'total_tokens': 53834}, 'gpt-4-turbo': {'prompt_tokens': 3419, 'completion_tokens': 436, 'total_tokens': 3855}}"
voice_final,search for 'test1' and click on the 'test1.m4a',2024-09-25 17:41:15,"{'gpt-4o': {'prompt_tokens': 165043, 'completion_tokens': 4945, 'total_tokens': 169988}, 'gpt-4-turbo': {'prompt_tokens': 7101, 'completion_tokens': 946, 'total_tokens': 8047}}"
voice_final,use player to play 'test2.m4a',2024-09-25 22:24:08,{}
